City,Mean AQI,Max PM2.5,Min PM10
Mumbai,287.7978142076503,519,20
Hyderabad,280.3551912568306,543,15
Bangalore,279.54371584699453,527,-1
Delhi,279.1530054644809,539,-17
Pune,276.379781420765,532,6
Chennai,274.3142076502732,530,-26
Kolkata,265.9016393442623,535,-8
